<?xml version='1.0' encoding='UTF-8'?>
<odoo>
  <record id="studio_customization.entradas_3b84cf61-74db-4c55-83f5-3d1dac99046c" model="ir.actions.act_window" context="{'studio': True}">
    <field name="binding_model_id" eval="False"/>
    <field name="binding_type">action</field>
    <field name="binding_view_types">list,form</field>
    <field name="context">{}</field>
    <field name="domain" eval="False"/>
    <field name="filter" eval="False"/>
    <field name="groups_id" eval="[(6, 0, [])]"/>
    <field name="help"><![CDATA[<p class="o_view_nocontent_smiling_face">
                    Esta es tu nueva acción.
                </p>
                <p>Por defecto, contiene una lista y una vista de formulario y posiblemente
                    otros tipos de vista dependiendo de las opciones que hayas elegido para tu modelo.
                </p>
                <p>
                    Puedes empezar a personalizar estas pantallas haciendo clic en el icono de Studio en la
                    esquina superior derecha (también puedes personalizar este mensaje de ayuda allí).
                </p>
            ]]></field>
    <field name="limit">80</field>
    <field name="name">Entradas</field>
    <field name="res_model">x_entradas</field>
    <field name="search_view_id" eval="False"/>
    <field name="target">current</field>
    <field name="type">ir.actions.act_window</field>
    <field name="usage" eval="False"/>
    <field name="view_id" eval="False"/>
    <field name="view_mode">kanban,tree,form,calendar,pivot,graph,gantt</field>
  </record>
  <record id="studio_customization.entradas_stages_d2163b25-71af-4e16-91ec-17beb4173974" model="ir.actions.act_window" context="{'studio': True}">
    <field name="binding_model_id" eval="False"/>
    <field name="binding_type">action</field>
    <field name="binding_view_types">list,form</field>
    <field name="context">{}</field>
    <field name="domain" eval="False"/>
    <field name="filter" eval="False"/>
    <field name="groups_id" eval="[(6, 0, [])]"/>
    <field name="help"><![CDATA[<p class="o_view_nocontent_smiling_face">
                    Esta es tu nueva acción.
                </p>
                <p>Por defecto, contiene una lista y una vista de formulario y posiblemente
                    otros tipos de vista dependiendo de las opciones que hayas elegido para tu modelo.
                </p>
                <p>
                    Puedes empezar a personalizar estas pantallas haciendo clic en el icono de Studio en la
                    esquina superior derecha (también puedes personalizar este mensaje de ayuda allí).
                </p>
            ]]></field>
    <field name="limit">80</field>
    <field name="name">Entradas Stages</field>
    <field name="res_model">x_entradas_stage</field>
    <field name="search_view_id" eval="False"/>
    <field name="target">current</field>
    <field name="type">ir.actions.act_window</field>
    <field name="usage" eval="False"/>
    <field name="view_id" eval="False"/>
    <field name="view_mode">tree,form</field>
  </record>
  <record id="studio_customization.entradas_tags_d13949a0-82c5-47c9-8ee1-c172ff2d1af2" model="ir.actions.act_window" context="{'studio': True}">
    <field name="binding_model_id" eval="False"/>
    <field name="binding_type">action</field>
    <field name="binding_view_types">list,form</field>
    <field name="context">{}</field>
    <field name="domain" eval="False"/>
    <field name="filter" eval="False"/>
    <field name="groups_id" eval="[(6, 0, [])]"/>
    <field name="help"><![CDATA[<p class="o_view_nocontent_smiling_face">
                    Esta es tu nueva acción.
                </p>
                <p>Por defecto, contiene una lista y una vista de formulario y posiblemente
                    otros tipos de vista dependiendo de las opciones que hayas elegido para tu modelo.
                </p>
                <p>
                    Puedes empezar a personalizar estas pantallas haciendo clic en el icono de Studio en la
                    esquina superior derecha (también puedes personalizar este mensaje de ayuda allí).
                </p>
            ]]></field>
    <field name="limit">80</field>
    <field name="name">Entradas Tags</field>
    <field name="res_model">x_entradas_tag</field>
    <field name="search_view_id" eval="False"/>
    <field name="target">current</field>
    <field name="type">ir.actions.act_window</field>
    <field name="usage" eval="False"/>
    <field name="view_id" eval="False"/>
    <field name="view_mode">tree,form</field>
  </record>
  <record id="studio_customization.finalizar_b85a7a4e-5c84-497f-a481-78dcaaa79a1c" model="ir.actions.act_window" context="{'studio': True}">
    <field name="binding_model_id" eval="False"/>
    <field name="binding_type">action</field>
    <field name="binding_view_types">list,form</field>
    <field name="context">{'search_default_x_entradas_id': active_id,'default_x_entradas_id': active_id}</field>
    <field name="domain">[('x_entradas_id', '=', active_id)]</field>
    <field name="filter" eval="False"/>
    <field name="groups_id" eval="[(6, 0, [])]"/>
    <field name="help" eval="False"/>
    <field name="limit">80</field>
    <field name="name">Finalizar</field>
    <field name="res_model">x_entradas_line_7e641</field>
    <field name="search_view_id" eval="False"/>
    <field name="target">current</field>
    <field name="type">ir.actions.act_window</field>
    <field name="usage" eval="False"/>
    <field name="view_id" eval="False"/>
    <field name="view_mode">tree,form</field>
  </record>
  <record id="studio_customization.nuevo_f8c4fbe9-26db-48d1-aee2-14e393aa3cb7" model="ir.actions.act_window" context="{'studio': True}">
    <field name="binding_model_id" eval="False"/>
    <field name="binding_type">action</field>
    <field name="binding_view_types">list,form</field>
    <field name="context">{'search_default_x_entradas_id': active_id,'default_x_entradas_id': active_id}</field>
    <field name="domain">[('x_entradas_id', '=', active_id)]</field>
    <field name="filter" eval="False"/>
    <field name="groups_id" eval="[(6, 0, [])]"/>
    <field name="help" eval="False"/>
    <field name="limit">80</field>
    <field name="name">Nuevo</field>
    <field name="res_model">x_entradas_line_7e641</field>
    <field name="search_view_id" eval="False"/>
    <field name="target">current</field>
    <field name="type">ir.actions.act_window</field>
    <field name="usage" eval="False"/>
    <field name="view_id" eval="False"/>
    <field name="view_mode">tree,form</field>
  </record>
</odoo>
