<?xml version='1.0' encoding='UTF-8'?>
<odoo>
  <record id="studio_customization.entradas_group_syste_59fce697-4787-47c4-9c10-e267b05f073b" model="ir.model.access" context="{'studio': True}">
    <field name="active" eval="True"/>
    <field name="group_id" ref="base.group_system"/>
    <field name="model_id" ref="studio_customization.entradas_75f0bcc7-22cb-4856-8929-5f7c2a7253eb"/>
    <field name="name">Entradas group_system</field>
    <field name="perm_create" eval="True"/>
    <field name="perm_read" eval="True"/>
    <field name="perm_unlink" eval="True"/>
    <field name="perm_write" eval="True"/>
  </record>
  <record id="studio_customization.entradas_group_user_eb75a983-b82d-45af-b29b-e0e263f1d93a" model="ir.model.access" context="{'studio': True}">
    <field name="active" eval="True"/>
    <field name="group_id" ref="base.group_user"/>
    <field name="model_id" ref="studio_customization.entradas_75f0bcc7-22cb-4856-8929-5f7c2a7253eb"/>
    <field name="name">Entradas group_user</field>
    <field name="perm_create" eval="True"/>
    <field name="perm_read" eval="True"/>
    <field name="perm_unlink" eval="False"/>
    <field name="perm_write" eval="True"/>
  </record>
  <record id="studio_customization.entradas_line_group__619b9de0-17bd-407a-ae5d-dd022e28cc80" model="ir.model.access" context="{'studio': True}">
    <field name="active" eval="True"/>
    <field name="group_id" ref="base.group_user"/>
    <field name="model_id" ref="studio_customization.entradas_line_40378610-a3dd-4f28-969c-ac759610d573"/>
    <field name="name">entradas_line group_user</field>
    <field name="perm_create" eval="True"/>
    <field name="perm_read" eval="True"/>
    <field name="perm_unlink" eval="False"/>
    <field name="perm_write" eval="True"/>
  </record>
  <record id="studio_customization.entradas_line_group__9e58f365-b243-4125-a95d-238d3b9e5b58" model="ir.model.access" context="{'studio': True}">
    <field name="active" eval="True"/>
    <field name="group_id" ref="base.group_system"/>
    <field name="model_id" ref="studio_customization.entradas_line_40378610-a3dd-4f28-969c-ac759610d573"/>
    <field name="name">entradas_line group_system</field>
    <field name="perm_create" eval="True"/>
    <field name="perm_read" eval="True"/>
    <field name="perm_unlink" eval="True"/>
    <field name="perm_write" eval="True"/>
  </record>
  <record id="studio_customization.entradas_stages_grou_81245c55-5a98-4fdd-b7c5-8cc43e75dbf5" model="ir.model.access" context="{'studio': True}">
    <field name="active" eval="True"/>
    <field name="group_id" ref="base.group_user"/>
    <field name="model_id" ref="studio_customization.entradas_stages_96878565-ce7d-45ba-8385-7229fbc9728a"/>
    <field name="name">Entradas Stages group_user</field>
    <field name="perm_create" eval="True"/>
    <field name="perm_read" eval="True"/>
    <field name="perm_unlink" eval="False"/>
    <field name="perm_write" eval="True"/>
  </record>
  <record id="studio_customization.entradas_stages_grou_cce446c4-49d9-4417-a855-ca1d8f4a8974" model="ir.model.access" context="{'studio': True}">
    <field name="active" eval="True"/>
    <field name="group_id" ref="base.group_system"/>
    <field name="model_id" ref="studio_customization.entradas_stages_96878565-ce7d-45ba-8385-7229fbc9728a"/>
    <field name="name">Entradas Stages group_system</field>
    <field name="perm_create" eval="True"/>
    <field name="perm_read" eval="True"/>
    <field name="perm_unlink" eval="True"/>
    <field name="perm_write" eval="True"/>
  </record>
  <record id="studio_customization.entradas_tags_group__5d9d756c-dfdc-4b33-b631-b9d0f0971de9" model="ir.model.access" context="{'studio': True}">
    <field name="active" eval="True"/>
    <field name="group_id" ref="base.group_user"/>
    <field name="model_id" ref="studio_customization.entradas_tags_68f747c1-4589-4f82-b80b-317049ef6729"/>
    <field name="name">Entradas Tags group_user</field>
    <field name="perm_create" eval="True"/>
    <field name="perm_read" eval="True"/>
    <field name="perm_unlink" eval="False"/>
    <field name="perm_write" eval="True"/>
  </record>
  <record id="studio_customization.entradas_tags_group__e002a7d8-4a00-413a-80e7-9036c52f396f" model="ir.model.access" context="{'studio': True}">
    <field name="active" eval="True"/>
    <field name="group_id" ref="base.group_system"/>
    <field name="model_id" ref="studio_customization.entradas_tags_68f747c1-4589-4f82-b80b-317049ef6729"/>
    <field name="name">Entradas Tags group_system</field>
    <field name="perm_create" eval="True"/>
    <field name="perm_read" eval="True"/>
    <field name="perm_unlink" eval="True"/>
    <field name="perm_write" eval="True"/>
  </record>
</odoo>
