<?xml version='1.0' encoding='UTF-8'?>
<odoo>
  <record id="studio_customization.entradas_75f0bcc7-22cb-4856-8929-5f7c2a7253eb" model="ir.model" context="{'studio': True}">
    <field name="info"> Main super-class for regular database-persisted Odoo models.

    Odoo models are created by inheriting from this class::

        class user(Model):
            ...

    The system will later instantiate the class once per database (on
    which the class' module is installed).
    </field>
    <field name="is_mail_thread" eval="True"/>
    <field name="is_mail_activity" eval="True"/>
    <field name="model">x_entradas</field>
    <field name="name">Entradas</field>
    <field name="state">manual</field>
    <field name="transient" eval="False"/>
  </record>
  <record id="studio_customization.entradas_line_40378610-a3dd-4f28-969c-ac759610d573" model="ir.model" context="{'studio': True}">
    <field name="info"> Main super-class for regular database-persisted Odoo models.

    Odoo models are created by inheriting from this class::

        class user(Model):
            ...

    The system will later instantiate the class once per database (on
    which the class' module is installed).
    </field>
    <field name="is_mail_thread" eval="False"/>
    <field name="is_mail_activity" eval="False"/>
    <field name="model">x_entradas_line_7e641</field>
    <field name="name">entradas_line</field>
    <field name="state">manual</field>
    <field name="transient" eval="False"/>
  </record>
  <record id="studio_customization.entradas_stages_96878565-ce7d-45ba-8385-7229fbc9728a" model="ir.model" context="{'studio': True}">
    <field name="info"> Main super-class for regular database-persisted Odoo models.

    Odoo models are created by inheriting from this class::

        class user(Model):
            ...

    The system will later instantiate the class once per database (on
    which the class' module is installed).
    </field>
    <field name="is_mail_thread" eval="False"/>
    <field name="is_mail_activity" eval="False"/>
    <field name="model">x_entradas_stage</field>
    <field name="name">Entradas Stages</field>
    <field name="state">manual</field>
    <field name="transient" eval="False"/>
  </record>
  <record id="studio_customization.entradas_tags_68f747c1-4589-4f82-b80b-317049ef6729" model="ir.model" context="{'studio': True}">
    <field name="info"> Main super-class for regular database-persisted Odoo models.

    Odoo models are created by inheriting from this class::

        class user(Model):
            ...

    The system will later instantiate the class once per database (on
    which the class' module is installed).
    </field>
    <field name="is_mail_thread" eval="False"/>
    <field name="is_mail_activity" eval="False"/>
    <field name="model">x_entradas_tag</field>
    <field name="name">Entradas Tags</field>
    <field name="state">manual</field>
    <field name="transient" eval="False"/>
  </record>
</odoo>
