<?xml version='1.0' encoding='UTF-8'?>
<odoo>
  <record id="studio_customization.default_calendar_vie_bb63bdd8-5fac-41c7-82f0-196c41e6e21b" model="ir.ui.view" context="{'studio': True}">
    <field name="active" eval="True"/>
    <field name="arch" type="xml">
      <calendar date_start="x_studio_date" create_name_field="x_name"/>
    </field>
    <field name="groups_id" eval="[(6, 0, [])]"/>
    <field name="inherit_id" eval="False"/>
    <field name="key" eval="False"/>
    <field name="mode">primary</field>
    <field name="model">x_entradas</field>
    <field name="name">Default calendar view for x_entradas</field>
    <field name="priority">16</field>
    <field name="type">calendar</field>
  </record>
  <record id="studio_customization.default_form_view_fo_4bac39b1-83bb-4734-9ce8-7d0bb62b4a44" model="ir.ui.view" context="{'studio': True}">
    <field name="active" eval="True"/>
    <field name="arch" type="xml">
      <form>
        <header/>
        <sheet string="entradas_line">
          <div class="oe_title">
            <h1>
              <field name="x_name" required="1" placeholder="Name..."/>
            </h1>
          </div>
          <group name="studio_group_ffd888">
            <group name="studio_group_ffd888_left"/>
            <group name="studio_group_ffd888_right"/>
          </group>
        </sheet>
      </form>
    </field>
    <field name="groups_id" eval="[(6, 0, [])]"/>
    <field name="inherit_id" eval="False"/>
    <field name="key" eval="False"/>
    <field name="mode">primary</field>
    <field name="model">x_entradas_line_7e641</field>
    <field name="name">Default form view for x_entradas_line_7e641</field>
    <field name="priority">16</field>
    <field name="type">form</field>
  </record>
  <record id="studio_customization.default_form_view_fo_67ba2ab5-1c96-446a-90ee-c81eaab4c890" model="ir.ui.view" context="{'studio': True}">
    <field name="active" eval="True"/>
    <field name="arch" type="xml">
      <form>
        <header>
          <field name="x_studio_stage_id" widget="statusbar" clickable="1"/>
        </header>
        <sheet string="Entradas">
          <field name="x_studio_kanban_state" widget="state_selection"/>
          <widget name="web_ribbon" text="Archivado" bg_color="bg-danger" attrs="{'invisible': [('x_active', '=', True)]}"/>
          <field name="x_active" invisible="1"/>
          <field class="oe_avatar" widget="image" name="x_studio_image"/>
          <div class="oe_title">
            <h1>
              <field name="x_name" required="1" placeholder="Name..."/>
            </h1>
          </div>
          <group name="studio_group_f4b507">
            <group name="studio_group_f4b507_left">
              <field name="x_studio_partner_id"/>
              <field name="x_studio_partner_phone" widget="phone" options="{'enable_sms': True}"/>
              <field name="x_studio_partner_email" widget="email"/>
              <field name="x_studio_date"/>
              <label string="Dates" for="x_studio_date_start"/>
              <div class="o_row">
                <field name="x_studio_date_start" widget="daterange" options="{&quot;related_end_date&quot;: &quot;x_studio_date_stop&quot;}"/>
                <span> a </span>
                <field name="x_studio_date_stop" widget="daterange" options="{&quot;related_start_date&quot;: &quot;x_studio_date_start&quot;}"/>
              </div>
            </group>
            <group name="studio_group_f4b507_right">
              <field name="x_studio_user_id" widget="many2one_avatar_user"/>
              <field name="x_studio_currency_id" invisible="1"/>
              <field name="x_studio_value" widget="monetary" options="{'currency_field': 'x_studio_currency_id'}"/>
              <field name="x_studio_tag_ids" widget="many2many_tags" options="{'color_field': 'x_color'}"/>
            </group>
          </group>
          <group>
            <field name="x_studio_notes" placeholder="Escriba sus notas aquí ..." nolabel="1"/>
          </group>
          <notebook>
            <page string="Details" name="lines">
              <field name="x_entradas_line_ids_91c29"/>
            </page>
          </notebook>
        </sheet>
        <div class="oe_chatter" name="oe_chatter">
          <field name="message_follower_ids"/>
          <field name="message_ids"/>
          <field name="activity_ids"/>
        </div>
      </form>
    </field>
    <field name="groups_id" eval="[(6, 0, [])]"/>
    <field name="inherit_id" eval="False"/>
    <field name="key" eval="False"/>
    <field name="mode">primary</field>
    <field name="model">x_entradas</field>
    <field name="name">Default form view for x_entradas</field>
    <field name="priority">16</field>
    <field name="type">form</field>
  </record>
  <record id="studio_customization.default_form_view_fo_b0364542-bd47-4b4c-8968-8adf18a402c5" model="ir.ui.view" context="{'studio': True}">
    <field name="active" eval="True"/>
    <field name="arch" type="xml">
      <form>
        <header/>
        <sheet string="Entradas Tags">
          <div class="oe_title">
            <h1>
              <field name="x_name" required="1" placeholder="Name..."/>
            </h1>
          </div>
          <group name="studio_group_b64b76">
            <group name="studio_group_b64b76_left"/>
            <group name="studio_group_b64b76_right"/>
          </group>
        </sheet>
      </form>
    </field>
    <field name="groups_id" eval="[(6, 0, [])]"/>
    <field name="inherit_id" eval="False"/>
    <field name="key" eval="False"/>
    <field name="mode">primary</field>
    <field name="model">x_entradas_tag</field>
    <field name="name">Default form view for x_entradas_tag</field>
    <field name="priority">16</field>
    <field name="type">form</field>
  </record>
  <record id="studio_customization.default_form_view_fo_b048962b-ae24-4fae-b895-3fed3bfb9641" model="ir.ui.view" context="{'studio': True}">
    <field name="active" eval="True"/>
    <field name="arch" type="xml">
      <form>
        <header/>
        <sheet string="Entradas Stages">
          <div class="oe_title">
            <h1>
              <field name="x_name" required="1" placeholder="Name..."/>
            </h1>
          </div>
          <group name="studio_group_6379b5">
            <group name="studio_group_6379b5_left"/>
            <group name="studio_group_6379b5_right"/>
          </group>
        </sheet>
      </form>
    </field>
    <field name="groups_id" eval="[(6, 0, [])]"/>
    <field name="inherit_id" eval="False"/>
    <field name="key" eval="False"/>
    <field name="mode">primary</field>
    <field name="model">x_entradas_stage</field>
    <field name="name">Default form view for x_entradas_stage</field>
    <field name="priority">16</field>
    <field name="type">form</field>
  </record>
  <record id="studio_customization.default_gantt_view_f_f9c67d6e-4e9b-4341-b5f3-d54fd785cde7" model="ir.ui.view" context="{'studio': True}">
    <field name="active" eval="True"/>
    <field name="arch" type="xml">
      <gantt date_start="x_studio_date_start" date_stop="x_studio_date_stop"/>
    </field>
    <field name="groups_id" eval="[(6, 0, [])]"/>
    <field name="inherit_id" eval="False"/>
    <field name="key" eval="False"/>
    <field name="mode">primary</field>
    <field name="model">x_entradas</field>
    <field name="name">Default gantt view for x_entradas</field>
    <field name="priority">16</field>
    <field name="type">gantt</field>
  </record>
  <record id="studio_customization.default_graph_view_f_305eab7e-beee-4796-881e-700c70d46bd9" model="ir.ui.view" context="{'studio': True}">
    <field name="active" eval="True"/>
    <field name="arch" type="xml">
      <graph sample="1">
        <field name="x_studio_value" type="measure"/>
        <field name="create_date" type="row"/>
      </graph>
    </field>
    <field name="groups_id" eval="[(6, 0, [])]"/>
    <field name="inherit_id" eval="False"/>
    <field name="key" eval="False"/>
    <field name="mode">primary</field>
    <field name="model">x_entradas</field>
    <field name="name">Default graph view for x_entradas</field>
    <field name="priority">16</field>
    <field name="type">graph</field>
  </record>
  <record id="studio_customization.default_kanban_view__e741d9c3-2f5e-405f-b4bf-c00b69fc2aeb" model="ir.ui.view" context="{'studio': True}">
    <field name="active" eval="True"/>
    <field name="arch" type="xml">
      <kanban default_group_by="x_studio_stage_id" default_order="x_studio_priority desc, x_studio_sequence asc, id desc">
        <field name="x_color"/>
        <field name="x_studio_user_id" widget="many2one_avatar_user"/>
        <field name="x_studio_currency_id"/>
        <progressbar field="x_studio_kanban_state" colors="{&quot;normal&quot;: &quot;200&quot;, &quot;done&quot;: &quot;success&quot;, &quot;blocked&quot;: &quot;danger&quot;}" sum_field="x_studio_value"/>
        <templates>
          <t t-name="kanban-box">
            <div class="o_kanban_record oe_kanban_global_click o_kanban_record_has_image_fill" color="x_color">
              <field class="o_kanban_image_fill_left" name="x_studio_image" widget="image" options="{&quot;zoom&quot;: true, &quot;background&quot;: true, &quot;preventClicks&quot;: false}"/>
              <div class="o_kanban_record_details">
                <div class="o_kanban_record_top" name="studio_auto_kanban_top">
                  <div class="o_kanban_record_headings" name="studio_auto_kanban_headings">
                    <field name="x_studio_priority" widget="boolean_favorite" nolabel="1"/>
                    <strong class="o_kanban_record_title" name="studio_auto_kanban_title">
                      <field name="x_name"/>
                    </strong>
                  </div>
                  <div class="o_dropdown_kanban dropdown">
                    <a role="button" class="dropdown-toggle o-no-caret btn" data-bs-toggle="dropdown" data-display="static" href="#" aria-label="Menú desplegable" title="Menú desplegable">
                      <span class="fa fa-ellipsis-v"/>
                    </a>
                    <div class="dropdown-menu" role="menu">
                      <a t-if="widget.editable" role="menuitem" type="edit" class="dropdown-item">Editar</a>
                      <a t-if="widget.deletable" role="menuitem" type="delete" class="dropdown-item">Suprimir</a>
                      <ul class="oe_kanban_colorpicker" data-field="x_color"/>
                    </div>
                  </div>
                </div>
                <div class="o_kanban_record_body" name="studio_auto_kanban_body">
                  <field name="x_studio_tag_ids" options="{'color_field': 'x_color'}"/>
                </div>
                <div class="o_kanban_record_bottom" name="studio_auto_kanban_bottom">
                  <div class="oe_kanban_bottom_left" name="studio_auto_kanban_bottom_left">
                    <field name="x_studio_value" widget="monetary" options="{'currency_field': 'x_studio_currency_id'}"/>
                  </div>
                  <div class="oe_kanban_bottom_right" name="studio_auto_kanban_bottom_right">
                    <field name="x_studio_kanban_state" widget="state_selection"/>
                    <t t-set="unassigned" t-translation="on">Unassigned</t>
                    <img t-att-src="kanban_image('res.users', 'avatar_128', record.x_studio_user_id.raw_value)" t-att-title="record.x_studio_user_id.value || unassigned" t-att-alt="record.x_studio_user_id.value" class="oe_kanban_avatar o_image_24_cover float-right"/>
                  </div>
                </div>
              </div>
            </div>
          </t>
        </templates>
      </kanban>
    </field>
    <field name="groups_id" eval="[(6, 0, [])]"/>
    <field name="inherit_id" eval="False"/>
    <field name="key" eval="False"/>
    <field name="mode">primary</field>
    <field name="model">x_entradas</field>
    <field name="name">Default kanban view for x_entradas</field>
    <field name="priority">16</field>
    <field name="type">kanban</field>
  </record>
  <record id="studio_customization.default_list_view_fo_0d3dfd69-d2c5-4986-9761-359d8aa095d5" model="ir.ui.view" context="{'studio': True}">
    <field name="active" eval="True"/>
    <field name="arch" type="xml">
      <tree editable="bottom">
        <field name="x_studio_sequence" widget="handle"/>
        <field name="x_name"/>
      </tree>
    </field>
    <field name="groups_id" eval="[(6, 0, [])]"/>
    <field name="inherit_id" eval="False"/>
    <field name="key" eval="False"/>
    <field name="mode">primary</field>
    <field name="model">x_entradas_line_7e641</field>
    <field name="name">Default list view for x_entradas_line_7e641</field>
    <field name="priority">16</field>
    <field name="type">tree</field>
  </record>
  <record id="studio_customization.default_list_view_fo_146d19c0-e7be-4f9c-9252-839a0a4cd11c" model="ir.ui.view" context="{'studio': True}">
    <field name="active" eval="True"/>
    <field name="arch" type="xml">
      <tree editable="bottom">
        <field name="x_studio_sequence" widget="handle"/>
        <field name="x_name"/>
      </tree>
    </field>
    <field name="groups_id" eval="[(6, 0, [])]"/>
    <field name="inherit_id" eval="False"/>
    <field name="key" eval="False"/>
    <field name="mode">primary</field>
    <field name="model">x_entradas_stage</field>
    <field name="name">Default list view for x_entradas_stage</field>
    <field name="priority">16</field>
    <field name="type">tree</field>
  </record>
  <record id="studio_customization.default_list_view_fo_824750aa-410c-428f-8704-a70ce2552b49" model="ir.ui.view" context="{'studio': True}">
    <field name="active" eval="True"/>
    <field name="arch" type="xml">
      <tree editable="bottom">
        <field name="x_name"/>
        <field name="x_color" widget="color_picker"/>
      </tree>
    </field>
    <field name="groups_id" eval="[(6, 0, [])]"/>
    <field name="inherit_id" eval="False"/>
    <field name="key" eval="False"/>
    <field name="mode">primary</field>
    <field name="model">x_entradas_tag</field>
    <field name="name">Default list view for x_entradas_tag</field>
    <field name="priority">16</field>
    <field name="type">tree</field>
  </record>
  <record id="studio_customization.default_list_view_fo_f072aeb9-0d11-49fe-b4d4-e61fd7ded93d" model="ir.ui.view" context="{'studio': True}">
    <field name="active" eval="True"/>
    <field name="arch" type="xml">
      <tree>
        <field name="x_name"/>
        <field name="x_studio_partner_id"/>
        <field name="x_studio_user_id" widget="many2one_avatar_user"/>
        <field name="x_studio_currency_id" invisible="1"/>
        <field name="x_studio_value" widget="monetary" options="{'currency_field': 'x_studio_currency_id'}" sum="Total"/>
        <field name="x_studio_tag_ids" widget="many2many_tags" options="{'color_field': 'x_color'}"/>
        <field name="x_color" widget="color_picker"/>
      </tree>
    </field>
    <field name="groups_id" eval="[(6, 0, [])]"/>
    <field name="inherit_id" eval="False"/>
    <field name="key" eval="False"/>
    <field name="mode">primary</field>
    <field name="model">x_entradas</field>
    <field name="name">Default list view for x_entradas</field>
    <field name="priority">16</field>
    <field name="type">tree</field>
  </record>
  <record id="studio_customization.default_map_view_for_7c030c11-97c5-4382-aa5d-7c32b7245b4c" model="ir.ui.view" context="{'studio': True}">
    <field name="active" eval="True"/>
    <field name="arch" type="xml">
      <map res_partner="x_studio_partner_id">
        <field name="x_studio_partner_id" string="Contacto"/>
      </map>
    </field>
    <field name="groups_id" eval="[(6, 0, [])]"/>
    <field name="inherit_id" eval="False"/>
    <field name="key" eval="False"/>
    <field name="mode">primary</field>
    <field name="model">x_entradas</field>
    <field name="name">Default map view for x_entradas</field>
    <field name="priority">16</field>
    <field name="type">map</field>
  </record>
  <record id="studio_customization.default_pivot_view_f_3ceeae29-dc3d-453f-806b-a09af749982f" model="ir.ui.view" context="{'studio': True}">
    <field name="active" eval="True"/>
    <field name="arch" type="xml">
      <pivot sample="1">
        <field name="x_studio_value" type="measure"/>
        <field name="x_studio_stage_id" type="col"/>
        <field name="x_studio_date" type="row"/>
      </pivot>
    </field>
    <field name="groups_id" eval="[(6, 0, [])]"/>
    <field name="inherit_id" eval="False"/>
    <field name="key" eval="False"/>
    <field name="mode">primary</field>
    <field name="model">x_entradas</field>
    <field name="name">Default pivot view for x_entradas</field>
    <field name="priority">16</field>
    <field name="type">pivot</field>
  </record>
  <record id="studio_customization.default_search_view__3887b470-cfce-4579-a105-bcc113751d05" model="ir.ui.view" context="{'studio': True}">
    <field name="active" eval="True"/>
    <field name="arch" type="xml">
      <search>
        <field name="x_name"/>
      </search>
    </field>
    <field name="groups_id" eval="[(6, 0, [])]"/>
    <field name="inherit_id" eval="False"/>
    <field name="key" eval="False"/>
    <field name="mode">primary</field>
    <field name="model">x_entradas_stage</field>
    <field name="name">Default search view for x_entradas_stage</field>
    <field name="priority">16</field>
    <field name="type">search</field>
  </record>
  <record id="studio_customization.default_search_view__5e7fedae-3879-40f5-b5e3-c2bd939a4306" model="ir.ui.view" context="{'studio': True}">
    <field name="active" eval="True"/>
    <field name="arch" type="xml">
      <search>
        <field name="x_name"/>
      </search>
    </field>
    <field name="groups_id" eval="[(6, 0, [])]"/>
    <field name="inherit_id" eval="False"/>
    <field name="key" eval="False"/>
    <field name="mode">primary</field>
    <field name="model">x_entradas_line_7e641</field>
    <field name="name">Default search view for x_entradas_line_7e641</field>
    <field name="priority">16</field>
    <field name="type">search</field>
  </record>
  <record id="studio_customization.default_search_view__d0048681-3cf4-415a-8652-8324ad98a987" model="ir.ui.view" context="{'studio': True}">
    <field name="active" eval="True"/>
    <field name="arch" type="xml">
      <search>
        <field name="x_name"/>
        <field name="x_studio_partner_id" operator="child_of"/>
        <field name="x_studio_user_id"/>
        <field name="x_studio_tag_ids"/>
        <filter string="Mis Entradas" name="my_x_entradas" domain="[['x_studio_user_id', '=', uid]]"/>
        <separator/>
        <filter date="x_studio_date" name="studio_filter_date" string="Fecha"/>
        <filter date="x_studio_date_start" name="studio_filter_date_start" string="Fecha de inicio"/>
        <filter date="x_studio_date_stop" name="studio_filter_date_stop" string="Fecha final"/>
        <separator/>
        <filter string="Archivado" name="archived_x_entradas" domain="[['x_active', '=', False]]"/>
        <separator/>
        <filter name="groupby_x_partner" string="Contacto" context="{'group_by': 'x_studio_partner_id'}" domain="[]"/>
        <filter name="groupby_x_user" string="Responsable" context="{'group_by': 'x_studio_user_id'}" domain="[]"/>
        <filter name="x_studio_stage_id" string="Etapa" context="{'group_by': 'x_studio_stage_id'}" domain="[]"/>
      </search>
    </field>
    <field name="groups_id" eval="[(6, 0, [])]"/>
    <field name="inherit_id" eval="False"/>
    <field name="key" eval="False"/>
    <field name="mode">primary</field>
    <field name="model">x_entradas</field>
    <field name="name">Default search view for x_entradas</field>
    <field name="priority">16</field>
    <field name="type">search</field>
  </record>
  <record id="studio_customization.default_search_view__ff0570d0-7d08-4b9c-9dd9-68760884f5fd" model="ir.ui.view" context="{'studio': True}">
    <field name="active" eval="True"/>
    <field name="arch" type="xml">
      <search>
        <field name="x_name"/>
      </search>
    </field>
    <field name="groups_id" eval="[(6, 0, [])]"/>
    <field name="inherit_id" eval="False"/>
    <field name="key" eval="False"/>
    <field name="mode">primary</field>
    <field name="model">x_entradas_tag</field>
    <field name="name">Default search view for x_entradas_tag</field>
    <field name="priority">16</field>
    <field name="type">search</field>
  </record>
  <record id="studio_customization.odoo_studio_default__06afe6ba-37ba-4278-83e0-0b886f629750" model="ir.ui.view" context="{'studio': True}">
    <field name="active" eval="True"/>
    <field name="arch" type="xml">
      <data>
        <xpath expr="//field[@name='x_color']" position="replace"/>
        <xpath expr="//field[@name='x_studio_value']" position="attributes">
          <attribute name="attrs">{}</attribute>
        </xpath>
      </data>
    </field>
    <field name="groups_id" eval="[(6, 0, [])]"/>
    <field name="inherit_id" ref="studio_customization.default_list_view_fo_f072aeb9-0d11-49fe-b4d4-e61fd7ded93d"/>
    <field name="key" eval="False"/>
    <field name="mode">extension</field>
    <field name="model">x_entradas</field>
    <field name="name">Odoo Studio: Default list view for x_entradas customization</field>
    <field name="priority">99</field>
    <field name="type">tree</field>
  </record>
  <record id="studio_customization.odoo_studio_default__2900925a-79a8-465d-8fc9-f0d9bbf2ea28" model="ir.ui.view" context="{'studio': True}">
    <field name="active" eval="True"/>
    <field name="arch" type="xml">
      <data>
        <xpath expr="//field[@name='create_date']" position="replace">
          <field name="x_studio_selection_field_DMJpb" type="col"/>
        </xpath>
        <xpath expr="//graph[1]" position="attributes">
          <attribute name="type">pie</attribute>
        </xpath>
      </data>
    </field>
    <field name="groups_id" eval="[(6, 0, [])]"/>
    <field name="inherit_id" ref="studio_customization.default_graph_view_f_305eab7e-beee-4796-881e-700c70d46bd9"/>
    <field name="key" eval="False"/>
    <field name="mode">extension</field>
    <field name="model">x_entradas</field>
    <field name="name">Odoo Studio: Default graph view for x_entradas customization</field>
    <field name="priority">99</field>
    <field name="type">graph</field>
  </record>
  <record id="studio_customization.odoo_studio_default__2cd150e7-3645-4583-9b45-3ade0af55853" model="ir.ui.view" context="{'studio': True}">
    <field name="active" eval="True"/>
    <field name="arch" type="xml">
      <data>
        <xpath expr="//div[@name='oe_chatter']" position="replace"/>
        <xpath expr="//form[1]/sheet[1]/group[not(@name)][1]" position="replace"/>
        <xpath expr="//field[@name='x_studio_kanban_state']" position="replace">
          <div name="button_box" class="oe_button_box">
            <button class="oe_stat_button" icon="fa-file-o" type="action" name="168">
      </button>
          </div>
        </xpath>
        <xpath expr="//field[@name='x_studio_stage_id']" position="replace">
          <field widget="statusbar" options="{'clickable': '1'}" name="x_studio_selection_field_DMJpb"/>
        </xpath>
        <xpath expr="//field[@name='x_studio_image']" position="attributes">
          <attribute name="class">oe_avatar ml-3 mr-3</attribute>
        </xpath>
        <xpath expr="//field[@name='x_studio_partner_id']" position="attributes">
          <attribute name="string">Responsable:</attribute>
        </xpath>
        <xpath expr="//field[@name='x_studio_partner_phone']" position="attributes">
          <attribute name="string">Teléfono:</attribute>
        </xpath>
        <xpath expr="//field[@name='x_studio_partner_email']" position="attributes">
          <attribute name="string">Correo electrónico:</attribute>
        </xpath>
        <xpath expr="//field[@name='x_studio_date']" position="attributes">
          <attribute name="string">Fecha incidente:</attribute>
        </xpath>
        <xpath expr="//form[1]/sheet[1]/group[@name='studio_group_f4b507']/group[@name='studio_group_f4b507_left']/label[1]" position="attributes">
          <attribute name="string">Plazo de pago:</attribute>
        </xpath>
        <xpath expr="//field[@name='x_studio_user_id']" position="attributes">
          <attribute name="string">Beneficiario:</attribute>
        </xpath>
        <xpath expr="//field[@name='x_studio_value']" position="attributes">
          <attribute name="string">Valor daños:</attribute>
        </xpath>
        <xpath expr="//field[@name='x_studio_tag_ids']" position="attributes">
          <attribute name="string">Categorías:</attribute>
        </xpath>
        <xpath expr="//field[@name='x_entradas_line_ids_91c29']" position="inside">
          <form>
            <header/>
            <sheet string="entradas_line" name="studio_sheet_956e29">
              <div class="oe_title" name="studio_div_a17d15">
                <h1>
                  <field name="x_name" required="1" placeholder="Name..."/>
                </h1>
              </div>
              <group name="studio_group_ffd888">
                <group name="studio_group_ffd888_left"/>
                <group name="studio_group_ffd888_right"/>
              </group>
            </sheet>
          </form>
          <tree editable="bottom">
            <field name="x_studio_sequence" widget="handle"/>
            <field name="x_name" string="Descripción del incidente:"/>
          </tree>
        </xpath>
      </data>
    </field>
    <field name="groups_id" eval="[(6, 0, [])]"/>
    <field name="inherit_id" ref="studio_customization.default_form_view_fo_67ba2ab5-1c96-446a-90ee-c81eaab4c890"/>
    <field name="key" eval="False"/>
    <field name="mode">extension</field>
    <field name="model">x_entradas</field>
    <field name="name">Odoo Studio: Default form view for x_entradas customization</field>
    <field name="priority">99</field>
    <field name="type">form</field>
  </record>
  <record id="studio_customization.odoo_studio_default__3b88215b-b6a8-4604-99d1-77fd9c84bbc0" model="ir.ui.view" context="{'studio': True}">
    <field name="active" eval="True"/>
    <field name="arch" type="xml">
      <data>
        <xpath expr="//gantt[1]" position="attributes">
          <attribute name="default_group_by">x_studio_selection_field_DMJpb</attribute>
        </xpath>
      </data>
    </field>
    <field name="groups_id" eval="[(6, 0, [])]"/>
    <field name="inherit_id" ref="studio_customization.default_gantt_view_f_f9c67d6e-4e9b-4341-b5f3-d54fd785cde7"/>
    <field name="key" eval="False"/>
    <field name="mode">extension</field>
    <field name="model">x_entradas</field>
    <field name="name">Odoo Studio: Default gantt view for x_entradas customization</field>
    <field name="priority">99</field>
    <field name="type">gantt</field>
  </record>
  <record id="studio_customization.odoo_studio_default__56b1178a-9048-4044-93f8-bebdad133b87" model="ir.ui.view" context="{'studio': True}">
    <field name="active" eval="True"/>
    <field name="arch" type="xml">
      <data>
        <xpath expr="//field[@name='x_studio_stage_id']" position="replace">
          <field name="x_studio_selection_field_DMJpb" type="col"/>
        </xpath>
      </data>
    </field>
    <field name="groups_id" eval="[(6, 0, [])]"/>
    <field name="inherit_id" ref="studio_customization.default_pivot_view_f_3ceeae29-dc3d-453f-806b-a09af749982f"/>
    <field name="key" eval="False"/>
    <field name="mode">extension</field>
    <field name="model">x_entradas</field>
    <field name="name">Odoo Studio: Default pivot view for x_entradas customization</field>
    <field name="priority">99</field>
    <field name="type">pivot</field>
  </record>
  <record id="studio_customization.odoo_studio_default__58d4abda-8166-4936-ad9f-21cfabe8510c" model="ir.ui.view" context="{'studio': True}">
    <field name="active" eval="True"/>
    <field name="arch" type="xml">
      <data>
        <xpath expr="//field[@name='x_studio_kanban_state']" position="replace"/>
        <xpath expr="//field[@name='x_studio_image']" position="replace"/>
        <xpath expr="//kanban[1]" position="attributes">
          <attribute name="default_group_by">x_studio_selection_field_DMJpb</attribute>
        </xpath>
        <xpath expr="//kanban[1]/progressbar[1]" position="after">
          <field name="x_color"/>
          <field name="x_studio_user_id"/>
        </xpath>
        <xpath expr="//field[@name='x_studio_value']" position="attributes">
          <attribute name="string">Valor:</attribute>
        </xpath>
        <xpath expr="//kanban[1]/templates[1]/t[1]/div[1]/div[1]/div[@name='studio_auto_kanban_bottom']/div[@name='studio_auto_kanban_bottom_right']/img[1]" position="attributes">
          <attribute name="t-att-src">kanban_image('res.users', 'image_128', record.x_studio_user_id.raw_value)</attribute>
          <attribute name="t-att-title">record.x_studio_user_id.value</attribute>
          <attribute name="t-if">record.x_studio_user_id.raw_value</attribute>
        </xpath>
      </data>
    </field>
    <field name="groups_id" eval="[(6, 0, [])]"/>
    <field name="inherit_id" ref="studio_customization.default_kanban_view__e741d9c3-2f5e-405f-b4bf-c00b69fc2aeb"/>
    <field name="key" eval="False"/>
    <field name="mode">extension</field>
    <field name="model">x_entradas</field>
    <field name="name">Odoo Studio: Default kanban view for x_entradas customization</field>
    <field name="priority">99</field>
    <field name="type">kanban</field>
  </record>
</odoo>
