<?xml version='1.0' encoding='UTF-8'?>
<odoo>
  <record id="studio_customization.modulosxe_eca394bd-67fb-402d-b4cf-dcd48d3e5219" model="ir.ui.menu" context="{'studio': True}">
    <field name="action" eval="False"/>
    <field name="active" eval="True"/>
    <field name="groups_id" eval="[(6, 0, [])]"/>
    <field name="name">moduloSXE</field>
    <field name="parent_id" eval="False"/>
    <field name="sequence">10</field>
    <field name="web_icon">fa fa-thumbs-o-up,#2ecc71,#34495e</field>
  </record>
  <record id="studio_customization.modulosxe_configurac_9aca336d-e6cf-4ea6-882e-c54fa604a99a" model="ir.ui.menu" context="{'studio': True}">
    <field name="action" eval="False"/>
    <field name="active" eval="True"/>
    <field name="groups_id" eval="[(6, 0, [])]"/>
    <field name="name">Configuración</field>
    <field name="parent_id" ref="studio_customization.modulosxe_eca394bd-67fb-402d-b4cf-dcd48d3e5219"/>
    <field name="sequence">100</field>
    <field name="web_icon" eval="False"/>
  </record>
  <record id="studio_customization.modulosxe_configurac_2f6fff5d-c7e8-49ad-b4d5-1b809085b291" model="ir.ui.menu" context="{'studio': True}">
    <field name="action" ref="studio_customization.entradas_tags_d13949a0-82c5-47c9-8ee1-c172ff2d1af2"/>
    <field name="active" eval="True"/>
    <field name="groups_id" eval="[(6, 0, [])]"/>
    <field name="name">Entradas Tags</field>
    <field name="parent_id" ref="studio_customization.modulosxe_configurac_9aca336d-e6cf-4ea6-882e-c54fa604a99a"/>
    <field name="sequence">10</field>
    <field name="web_icon" eval="False"/>
  </record>
  <record id="studio_customization.modulosxe_configurac_8163fe3f-a97b-4fd4-8d70-c8f3a80a2f41" model="ir.ui.menu" context="{'studio': True}">
    <field name="action" ref="studio_customization.entradas_stages_d2163b25-71af-4e16-91ec-17beb4173974"/>
    <field name="active" eval="True"/>
    <field name="groups_id" eval="[(6, 0, [])]"/>
    <field name="name">Entradas Stages</field>
    <field name="parent_id" ref="studio_customization.modulosxe_configurac_9aca336d-e6cf-4ea6-882e-c54fa604a99a"/>
    <field name="sequence">10</field>
    <field name="web_icon" eval="False"/>
  </record>
  <record id="studio_customization.modulosxe_entradas_024144f3-982d-47d1-b981-09e6e549d79e" model="ir.ui.menu" context="{'studio': True}">
    <field name="action" ref="studio_customization.entradas_3b84cf61-74db-4c55-83f5-3d1dac99046c"/>
    <field name="active" eval="True"/>
    <field name="groups_id" eval="[(6, 0, [])]"/>
    <field name="name">Entradas</field>
    <field name="parent_id" ref="studio_customization.modulosxe_eca394bd-67fb-402d-b4cf-dcd48d3e5219"/>
    <field name="sequence">10</field>
    <field name="web_icon" eval="False"/>
  </record>
</odoo>
